\set AUTOCOMMIT FALSE
\echo :AUTOCOMMIT

DELETE FROM posts;
DELETE FROM threads;
DELETE FROM patients;
DELETE FROM employees;
DELETE FROM users;

INSERT INTO public.users(CPR, firstname, lastname, password, address) VALUES ('0206874571', 'Mikkel', 'P&oslash;ulsen', '1', 'Cancergade 100');
INSERT INTO public.users(CPR, firstname, lastname, password, address) VALUES ('0807650909', 'Tobias', 'Florrr', '12', 'Amaliegade 1');
INSERT INTO public.users(CPR, firstname, lastname, password, address) VALUES ('1212121212', 'Mads', 'Paludan', '123', 'r&oslash;dstr&oslash;mpevej 2');
INSERT INTO public.users(CPR, firstname, lastname, password, address) VALUES ('1312145152', 'Jonas', 'Swork', '1234', 'matronevej 67');
INSERT INTO public.users(CPR, firstname, lastname, password, address) VALUES ('0112894555', 'Gunnar', 'Nielsen', '12345', 'Paludan Parkvej 69');
INSERT INTO public.users(CPR, firstname, lastname, password, address) VALUES ('0711012286', 'Mickey', 'Mouse', '123456', 'Garden Square 666, Hell');
INSERT INTO public.users(CPR, firstname, lastname, password, address) VALUES ('1007889934', 'Mynte', 'Olsen', '1234567', 'Nightmare Street 7');
INSERT INTO public.users(CPR, firstname, lastname, password, address) VALUES ('2412199955', 'Oluf', 'Sand', '12345678', 'HC Andersens Boulevard 1');

COMMIT;

INSERT INTO public.patients(CPR, journal, process_id) VALUES ('0206874571', 1, 1);
INSERT INTO public.patients(CPR, journal, process_id) VALUES ('0807650909', 2, 2);
INSERT INTO public.patients(CPR, journal, process_id) VALUES ('1212121212', 3, 3);
INSERT INTO public.patients(CPR, journal, process_id) VALUES ('1312145152', 4, 4);
INSERT INTO public.patients(CPR, journal, process_id) VALUES ('0112894555', 5, 5);


INSERT INTO public.employees(CPR, specialization, temp, privilege, works_at) VALUES ('0711012286', 'Forum mod', FALSE, 0, 0);
INSERT INTO public.employees(CPR, specialization, temp, privilege, works_at) VALUES ('1007889934', 'Sygeplejerske', FALSE, 1, 0);
INSERT INTO public.employees(CPR, specialization, temp, privilege, works_at) VALUES ('2412199955', 'Overl&aelig;ge', FALSE, 2, 0);

COMMIT;

INSERT INTO public.threads(CPR, header, content, is_open) VALUES ('0206874571', 'wtf is this forum (closed example)', 'pls someone eli5 why do we need dis shiet', FALSE);
INSERT INTO public.threads(CPR, header, content) VALUES ('1212121212', 'diarrhea and anal pain', 'send halp plx');
INSERT INTO public.threads(CPR, header, content, is_open) VALUES ('0112894555', 'Im but a petty peasant in this world', 'we are all but grain in the infinite universe', FALSE);
INSERT INTO public.threads(CPR, header, content) VALUES ('0807650909', 'Who regulates this forum', 'Plz give moderator role, i delete all');
INSERT INTO public.threads(CPR, header, content, is_open) VALUES ('0206874571', 'Got an illness', 'Did you expect to read a context!?', FALSE);
INSERT INTO public.threads(CPR, header, content) VALUES ('1007889934', 'Rules and regulations', 'Some rules and shit???');
INSERT INTO public.threads(CPR, header, content) VALUES ('2412199955', 'Im the professional here fellas!', 'And all of you shall bow for me!');

COMMIT;

INSERT INTO public.posts(tid, CPR, content) VALUES ((SELECT id FROM threads WHERE CPR='0206874571' LIMIT 1), '1007889934',  '1 Lorem ipsum dolor sit amet, consectetur adipiscing elit. Proin a aliquet nisi. Aliquam lacus ipsum, placerat eu ultricies sed, faucibus at ligula. Ut mi orci, molestie et tellus sed, ultricies molestie sapien. Vivamus at erat justo. Suspendisse nec leo rutrum, tincidunt dolor a, dictum risus. Ut vehicula faucibus eleifend. Vestibulum in dui euismod, blandit quam a, accumsan augue. Nulla luctus ac elit blandit ullamcorper. Vestibulum tempus euismod urna, tempus scelerisque odio condimentum molestie. Curabitur vitae rutrum justo, id accumsan ligula. Ut et pharetra elit. Nullam purus massa, semper at consequat id, dictum ut nibh. Cras euismod ante sem, eu fermentum ipsum tristique sed. Ut lacinia justo non sapien commodo dapibus.');
INSERT INTO public.posts(tid, CPR, content) VALUES ((SELECT id FROM threads WHERE CPR='0206874571' LIMIT 1), '1007889934',  '2 Lorem ipsum dolor sit amet, consectetur adipiscing elit. Proin a aliquet nisi. Aliquam lacus ipsum, placerat eu ultricies sed, faucibus at ligula. Ut mi orci, molestie et tellus sed, ultricies molestie sapien. Vivamus at erat justo. Suspendisse nec leo rutrum, tincidunt dolor a, dictum risus. Ut vehicula faucibus eleifend. Vestibulum in dui euismod, blandit quam a, accumsan augue. Nulla luctus ac elit blandit ullamcorper. Vestibulum tempus euismod urna, tempus scelerisque odio condimentum molestie. Curabitur vitae rutrum justo, id accumsan ligula. Ut et pharetra elit. Nullam purus massa, semper at consequat id, dictum ut nibh. Cras euismod ante sem, eu fermentum ipsum tristique sed. Ut lacinia justo non sapien commodo dapibus.');
INSERT INTO public.posts(tid, CPR, content) VALUES ((SELECT id FROM threads WHERE CPR='0206874571' LIMIT 1), '1007889934',  '3 Lorem ipsum dolor sit amet, consectetur adipiscing elit. Proin a aliquet nisi. Aliquam lacus ipsum, placerat eu ultricies sed, faucibus at ligula. Ut mi orci, molestie et tellus sed, ultricies molestie sapien. Vivamus at erat justo. Suspendisse nec leo rutrum, tincidunt dolor a, dictum risus. Ut vehicula faucibus eleifend. Vestibulum in dui euismod, blandit quam a, accumsan augue. Nulla luctus ac elit blandit ullamcorper. Vestibulum tempus euismod urna, tempus scelerisque odio condimentum molestie. Curabitur vitae rutrum justo, id accumsan ligula. Ut et pharetra elit. Nullam purus massa, semper at consequat id, dictum ut nibh. Cras euismod ante sem, eu fermentum ipsum tristique sed. Ut lacinia justo non sapien commodo dapibus.');
INSERT INTO public.posts(tid, CPR, content) VALUES ((SELECT id FROM threads WHERE CPR='0206874571' LIMIT 1), '2412199955',  '4 Lorem ipsum dolor sit amet, consectetur adipiscing elit. Proin a aliquet nisi. Aliquam lacus ipsum, placerat eu ultricies sed, faucibus at ligula. Ut mi orci, molestie et tellus sed, ultricies molestie sapien. Vivamus at erat justo. Suspendisse nec leo rutrum, tincidunt dolor a, dictum risus. Ut vehicula faucibus eleifend. Vestibulum in dui euismod, blandit quam a, accumsan augue. Nulla luctus ac elit blandit ullamcorper. Vestibulum tempus euismod urna, tempus scelerisque odio condimentum molestie. Curabitur vitae rutrum justo, id accumsan ligula. Ut et pharetra elit. Nullam purus massa, semper at consequat id, dictum ut nibh. Cras euismod ante sem, eu fermentum ipsum tristique sed. Ut lacinia justo non sapien commodo dapibus.');
INSERT INTO public.posts(tid, CPR, content) VALUES ((SELECT id FROM threads WHERE CPR='1212121212' LIMIT 1), '1007889934',  '5 Lorem ipsum dolor sit amet, consectetur adipiscing elit. Proin a aliquet nisi. Aliquam lacus ipsum, placerat eu ultricies sed, faucibus at ligula. Ut mi orci, molestie et tellus sed, ultricies molestie sapien. Vivamus at erat justo. Suspendisse nec leo rutrum, tincidunt dolor a, dictum risus. Ut vehicula faucibus eleifend. Vestibulum in dui euismod, blandit quam a, accumsan augue. Nulla luctus ac elit blandit ullamcorper. Vestibulum tempus euismod urna, tempus scelerisque odio condimentum molestie. Curabitur vitae rutrum justo, id accumsan ligula. Ut et pharetra elit. Nullam purus massa, semper at consequat id, dictum ut nibh. Cras euismod ante sem, eu fermentum ipsum tristique sed. Ut lacinia justo non sapien commodo dapibus.');
INSERT INTO public.posts(tid, CPR, content) VALUES ((SELECT id FROM threads WHERE CPR='1212121212' LIMIT 1), '1007889934',  '6 Lorem ipsum dolor sit amet, consectetur adipiscing elit. Proin a aliquet nisi. Aliquam lacus ipsum, placerat eu ultricies sed, faucibus at ligula. Ut mi orci, molestie et tellus sed, ultricies molestie sapien. Vivamus at erat justo. Suspendisse nec leo rutrum, tincidunt dolor a, dictum risus. Ut vehicula faucibus eleifend. Vestibulum in dui euismod, blandit quam a, accumsan augue. Nulla luctus ac elit blandit ullamcorper. Vestibulum tempus euismod urna, tempus scelerisque odio condimentum molestie. Curabitur vitae rutrum justo, id accumsan ligula. Ut et pharetra elit. Nullam purus massa, semper at consequat id, dictum ut nibh. Cras euismod ante sem, eu fermentum ipsum tristique sed. Ut lacinia justo non sapien commodo dapibus.');
INSERT INTO public.posts(tid, CPR, content) VALUES ((SELECT id FROM threads WHERE CPR='1212121212' LIMIT 1), '1007889934',  '7 Lorem ipsum dolor sit amet, consectetur adipiscing elit. Proin a aliquet nisi. Aliquam lacus ipsum, placerat eu ultricies sed, faucibus at ligula. Ut mi orci, molestie et tellus sed, ultricies molestie sapien. Vivamus at erat justo. Suspendisse nec leo rutrum, tincidunt dolor a, dictum risus. Ut vehicula faucibus eleifend. Vestibulum in dui euismod, blandit quam a, accumsan augue. Nulla luctus ac elit blandit ullamcorper. Vestibulum tempus euismod urna, tempus scelerisque odio condimentum molestie. Curabitur vitae rutrum justo, id accumsan ligula. Ut et pharetra elit. Nullam purus massa, semper at consequat id, dictum ut nibh. Cras euismod ante sem, eu fermentum ipsum tristique sed. Ut lacinia justo non sapien commodo dapibus.');
INSERT INTO public.posts(tid, CPR, content) VALUES ((SELECT id FROM threads WHERE CPR='0112894555' LIMIT 1), '2412199955',  '8 Lorem ipsum dolor sit amet, consectetur adipiscing elit. Proin a aliquet nisi. Aliquam lacus ipsum, placerat eu ultricies sed, faucibus at ligula. Ut mi orci, molestie et tellus sed, ultricies molestie sapien. Vivamus at erat justo. Suspendisse nec leo rutrum, tincidunt dolor a, dictum risus. Ut vehicula faucibus eleifend. Vestibulum in dui euismod, blandit quam a, accumsan augue. Nulla luctus ac elit blandit ullamcorper. Vestibulum tempus euismod urna, tempus scelerisque odio condimentum molestie. Curabitur vitae rutrum justo, id accumsan ligula. Ut et pharetra elit. Nullam purus massa, semper at consequat id, dictum ut nibh. Cras euismod ante sem, eu fermentum ipsum tristique sed. Ut lacinia justo non sapien commodo dapibus.');
INSERT INTO public.posts(tid, CPR, content) VALUES ((SELECT id FROM threads WHERE CPR='0112894555' LIMIT 1), '1007889934',  '9 Lorem ipsum dolor sit amet, consectetur adipiscing elit. Proin a aliquet nisi. Aliquam lacus ipsum, placerat eu ultricies sed, faucibus at ligula. Ut mi orci, molestie et tellus sed, ultricies molestie sapien. Vivamus at erat justo. Suspendisse nec leo rutrum, tincidunt dolor a, dictum risus. Ut vehicula faucibus eleifend. Vestibulum in dui euismod, blandit quam a, accumsan augue. Nulla luctus ac elit blandit ullamcorper. Vestibulum tempus euismod urna, tempus scelerisque odio condimentum molestie. Curabitur vitae rutrum justo, id accumsan ligula. Ut et pharetra elit. Nullam purus massa, semper at consequat id, dictum ut nibh. Cras euismod ante sem, eu fermentum ipsum tristique sed. Ut lacinia justo non sapien commodo dapibus.');
INSERT INTO public.posts(tid, CPR, content) VALUES ((SELECT id FROM threads WHERE CPR='0112894555' LIMIT 1), '1007889934',  '10 Lorem ipsum dolor sit amet, consectetur adipiscing elit. Proin a aliquet nisi. Aliquam lacus ipsum, placerat eu ultricies sed, faucibus at ligula. Ut mi orci, molestie et tellus sed, ultricies molestie sapien. Vivamus at erat justo. Suspendisse nec leo rutrum, tincidunt dolor a, dictum risus. Ut vehicula faucibus eleifend. Vestibulum in dui euismod, blandit quam a, accumsan augue. Nulla luctus ac elit blandit ullamcorper. Vestibulum tempus euismod urna, tempus scelerisque odio condimentum molestie. Curabitur vitae rutrum justo, id accumsan ligula. Ut et pharetra elit. Nullam purus massa, semper at consequat id, dictum ut nibh. Cras euismod ante sem, eu fermentum ipsum tristique sed. Ut lacinia justo non sapien commodo dapibus.');
INSERT INTO public.posts(tid, CPR, content) VALUES ((SELECT id FROM threads WHERE CPR='0807650909' LIMIT 1), '2412199955',  '11 Lorem ipsum dolor sit amet, consectetur adipiscing elit. Proin a aliquet nisi. Aliquam lacus ipsum, placerat eu ultricies sed, faucibus at ligula. Ut mi orci, molestie et tellus sed, ultricies molestie sapien. Vivamus at erat justo. Suspendisse nec leo rutrum, tincidunt dolor a, dictum risus. Ut vehicula faucibus eleifend. Vestibulum in dui euismod, blandit quam a, accumsan augue. Nulla luctus ac elit blandit ullamcorper. Vestibulum tempus euismod urna, tempus scelerisque odio condimentum molestie. Curabitur vitae rutrum justo, id accumsan ligula. Ut et pharetra elit. Nullam purus massa, semper at consequat id, dictum ut nibh. Cras euismod ante sem, eu fermentum ipsum tristique sed. Ut lacinia justo non sapien commodo dapibus.');
INSERT INTO public.posts(tid, CPR, content) VALUES ((SELECT id FROM threads WHERE CPR='0807650909' LIMIT 1), '1007889934',  '12 Lorem ipsum dolor sit amet, consectetur adipiscing elit. Proin a aliquet nisi. Aliquam lacus ipsum, placerat eu ultricies sed, faucibus at ligula. Ut mi orci, molestie et tellus sed, ultricies molestie sapien. Vivamus at erat justo. Suspendisse nec leo rutrum, tincidunt dolor a, dictum risus. Ut vehicula faucibus eleifend. Vestibulum in dui euismod, blandit quam a, accumsan augue. Nulla luctus ac elit blandit ullamcorper. Vestibulum tempus euismod urna, tempus scelerisque odio condimentum molestie. Curabitur vitae rutrum justo, id accumsan ligula. Ut et pharetra elit. Nullam purus massa, semper at consequat id, dictum ut nibh. Cras euismod ante sem, eu fermentum ipsum tristique sed. Ut lacinia justo non sapien commodo dapibus.');
INSERT INTO public.posts(tid, CPR, content) VALUES ((SELECT id FROM threads WHERE CPR='0807650909' LIMIT 1), '2412199955',  '13 Lorem ipsum dolor sit amet, consectetur adipiscing elit. Proin a aliquet nisi. Aliquam lacus ipsum, placerat eu ultricies sed, faucibus at ligula. Ut mi orci, molestie et tellus sed, ultricies molestie sapien. Vivamus at erat justo. Suspendisse nec leo rutrum, tincidunt dolor a, dictum risus. Ut vehicula faucibus eleifend. Vestibulum in dui euismod, blandit quam a, accumsan augue. Nulla luctus ac elit blandit ullamcorper. Vestibulum tempus euismod urna, tempus scelerisque odio condimentum molestie. Curabitur vitae rutrum justo, id accumsan ligula. Ut et pharetra elit. Nullam purus massa, semper at consequat id, dictum ut nibh. Cras euismod ante sem, eu fermentum ipsum tristique sed. Ut lacinia justo non sapien commodo dapibus.');
INSERT INTO public.posts(tid, CPR, content) VALUES ((SELECT id FROM threads WHERE CPR='0206874571' LIMIT 1), '2412199955',  '14 Lorem ipsum dolor sit amet, consectetur adipiscing elit. Proin a aliquet nisi. Aliquam lacus ipsum, placerat eu ultricies sed, faucibus at ligula. Ut mi orci, molestie et tellus sed, ultricies molestie sapien. Vivamus at erat justo. Suspendisse nec leo rutrum, tincidunt dolor a, dictum risus. Ut vehicula faucibus eleifend. Vestibulum in dui euismod, blandit quam a, accumsan augue. Nulla luctus ac elit blandit ullamcorper. Vestibulum tempus euismod urna, tempus scelerisque odio condimentum molestie. Curabitur vitae rutrum justo, id accumsan ligula. Ut et pharetra elit. Nullam purus massa, semper at consequat id, dictum ut nibh. Cras euismod ante sem, eu fermentum ipsum tristique sed. Ut lacinia justo non sapien commodo dapibus.');
INSERT INTO public.posts(tid, CPR, content) VALUES ((SELECT id FROM threads WHERE CPR='1007889934' LIMIT 1), '2412199955',  '15 Lorem ipsum dolor sit amet, consectetur adipiscing elit. Proin a aliquet nisi. Aliquam lacus ipsum, placerat eu ultricies sed, faucibus at ligula. Ut mi orci, molestie et tellus sed, ultricies molestie sapien. Vivamus at erat justo. Suspendisse nec leo rutrum, tincidunt dolor a, dictum risus. Ut vehicula faucibus eleifend. Vestibulum in dui euismod, blandit quam a, accumsan augue. Nulla luctus ac elit blandit ullamcorper. Vestibulum tempus euismod urna, tempus scelerisque odio condimentum molestie. Curabitur vitae rutrum justo, id accumsan ligula. Ut et pharetra elit. Nullam purus massa, semper at consequat id, dictum ut nibh. Cras euismod ante sem, eu fermentum ipsum tristique sed. Ut lacinia justo non sapien commodo dapibus.');

COMMIT;